name,rds_name,schedule_url,table_url,start
Albania,alb_kategoria-superiore_2025-2026.rds,https://www.worldfootball.net/all_matches/alb-kategoria-superiore-2025-2026/,https://www.worldfootball.net/schedule/alb-kategoria-superiore-2025-2026-spieltag/99/,f
Andorra,and_1a-divisio_2025-2026.rds,https://www.worldfootball.net/all_matches/and-1a-divisio-2025-2026/,https://www.worldfootball.net/schedule/and-1a-divisio-2025-2026-spieltag/99/,f
Argentina,arg_primera-division_2025.rds,https://www.worldfootball.net/all_matches/arg-primera-division-2025-1-semestre/,https://www.worldfootball.net/schedule/arg-copa-de-la-liga-profesional-2025-1-semestre-spieltag/99/,s
Armenia,arm_premier-league_2025-2026.rds,https://www.worldfootball.net/all_matches/arm-premier-league-2025-2026/,https://www.worldfootball.net/schedule/arm-premier-league-2025-2026-spieltag/99/,f
Australia,aus_a-league_2025-2026.rds,https://www.worldfootball.net/all_matches/aus-a-league-2025-2026/,https://www.worldfootball.net/schedule/aus-a-league-2025-2026-spieltag/99/,f
Austria,aut_bundesliga_2025-2026.rds,https://www.worldfootball.net/all_matches/aut-bundesliga-2025-2026/,https://www.worldfootball.net/schedule/aut-bundesliga-2025-2026-spieltag/99/,f
Austria championship,aut_bundesliga_2025-2026_meistergruppe.rds,https://www.worldfootball.net/all_matches/aut-bundesliga-2025-2026-meistergruppe/,https://www.worldfootball.net/schedule/aut-bundesliga-2025-2026-meistergruppe-spieltag/99/,s
Austria relegation,aut_bundesliga_2025-2026_qualifikationsgruppe.rds,https://www.worldfootball.net/all_matches/aut-bundesliga-2025-2026-qualifikationsgruppe/,https://www.worldfootball.net/schedule/aut-bundesliga-2025-2026-qualifikationsgruppe-spieltag/99/,s
Azerbaijan,aze_premyer-liqasi_2025-2026.rds,https://www.worldfootball.net/all_matches/aze-premyer-liqasi-2025-2026/,https://www.worldfootball.net/schedule/aze-premyer-liqasi-2025-2026-spieltag/99/,f
Belarus,blr_cempionat_2025.rds,https://www.worldfootball.net/all_matches/blr-cempionat-2025/,https://www.worldfootball.net/schedule/blr-cempionat-2025-spieltag/99/,s
Belgium,bel_eerste-klasse-a_2025-2026.rds,https://www.worldfootball.net/all_matches/bel-eerste-klasse-a-2025-2026/,https://www.worldfootball.net/schedule/bel-eerste-klasse-a-2025-2026-spieltag/99/,f
Belgium Europe,bel_pro-league_2025-2026_europe,https://www.worldfootball.net/all_matches/bel-pro-league-2025-2026-europe/,https://www.worldfootball.net/schedule/bel-pro-league-2025-2026-europe-spieltag/99/,s
Belgium championship,bel_pro-league_2025-2026_championship,https://www.worldfootball.net/all_matches/bel-pro-league-2025-2026-championship/,https://www.worldfootball.net/schedule/bel-pro-league-2025-2026-championship-spieltag/99/,s
Belgium relegation,bel_pro-league_2025-2026_relegation,https://www.worldfootball.net/all_matches/bel-pro-league-2025-2026-relegation/,https://www.worldfootball.net/schedule/bel-pro-league-2025-2026-relegation-spieltag/99/,s
Bosnia,bih_premier-liga_2025-2026.rds,https://www.worldfootball.net/all_matches/bih-premier-liga-2025-2026/,https://www.worldfootball.net/schedule/bih-premier-liga-2025-2026-spieltag/99/,f
Brazil,bra_serie-a_2025.rds,https://www.worldfootball.net/all_matches/bra-serie-a-2025/,https://www.worldfootball.net/schedule/bra-serie-a-2025-spieltag/99/,s
Brazil Serie B,bra_serie-b_2025.rds,https://www.worldfootball.net/all_matches/bra-serie-b-2025/,https://www.worldfootball.net/schedule/bra-serie-b-2025-spieltag/99/,s
Bulgaria,bul_parva-liga_2025-2026.rds,https://www.worldfootball.net/all_matches/bul-parva-liga-2025-2026/,https://www.worldfootball.net/schedule/bul-parva-liga-2025-2026-spieltag/99/,f
Bulgaria Euro Conference,bul_parva-liga_2025-2026_conference-league.rds,https://www.worldfootball.net/all_matches/bul-parva-liga-2025-2026-conference-league/,https://www.worldfootball.net/schedule/bul-parva-liga-2025-2026-conference-league-spieltag/99/,s
Bulgaria championship,bul_parva-liga_2025-2026_championship.rds,https://www.worldfootball.net/all_matches/bul-parva-liga-2025-2026-championship/,https://www.worldfootball.net/schedule/bul-parva-liga-2025-2026-championship-spieltag/99/,s
Bulgaria relegation,bul_parva-liga_2025-2026_relegation.rds,https://www.worldfootball.net/all_matches/bul-parva-liga-2025-2026-relegation/,https://www.worldfootball.net/schedule/bul-parva-liga-2025-2026-relegation-spieltag/99/,s
Canada,can_premier-league_2025.rds,https://www.worldfootball.net/all_matches/can-premier-league-2025/,https://www.worldfootball.net/schedule/can-premier-league-2025-spieltag/99/,s
Chile,chi_primera-division_2025.rds,https://www.worldfootball.net/all_matches/chi-primera-division-2025/,https://www.worldfootball.net/schedule/chi-primera-division-2025-spieltag/99/,s
China,chn_super-league_2025.rds,https://www.worldfootball.net/all_matches/chn-super-league-2025/,https://www.worldfootball.net/schedule/chn-super-league-2025-spieltag/99/,s
Croatia,cro_1-hnl_2025-2026.rds,https://www.worldfootball.net/all_matches/cro-1-hnl-2025-2026/,https://www.worldfootball.net/schedule/cro-1-hnl-2025-2026-spieltag/99/,f
Cyprus,cyp_first-division_2025-2026.rds,https://www.worldfootball.net/all_matches/cyp-first-division-2025-2026/,https://www.worldfootball.net/schedule/cyp-first-division-2025-2026-spieltag/99/,f
Cyprus championship,cyp_first-division_2025-2026_championship.rds,https://www.worldfootball.net/all_matches/cyp-first-division-2025-2026-championship/,https://www.worldfootball.net/schedule/cyp-first-division-2025-2026-championship-spieltag/99/,s
Cyprus relegation,cyp_first-division_2025-2026_relegation.rds,https://www.worldfootball.net/all_matches/cyp-first-division-2025-2026-relegation/,https://www.worldfootball.net/schedule/cyp-first-division-2025-2026-relegation-spieltag/99/,s
Czech Republic,cze_1-fotbalova-liga_2025-2026.rds,https://www.worldfootball.net/all_matches/cze-1-fotbalova-liga-2025-2026/,https://www.worldfootball.net/schedule/cze-1-fotbalova-liga-2025-2026-spieltag/99/,f
Czech Republic championship,cze_1-fotbalova-liga_2025-2026_championship.rds,https://www.worldfootball.net/all_matches/cze-1-fotbalova-liga-2025-2026-championship/,https://www.worldfootball.net/schedule/cze-1-fotbalova-liga-2025-2026-championship-spieltag/99/,s
Czech Republic relegation,cze_1-fotbalova-liga_2025-2026_relegation.rds,https://www.worldfootball.net/all_matches/cze-1-fotbalova-liga-2025-2026-relegation/,https://www.worldfootball.net/schedule/cze-1-fotbalova-liga-2025-2026-relegation-spieltag/99/,s
Denmark,den_superliga_2025-2026.rds,https://www.worldfootball.net/all_matches/den-superliga-2025-2026/,https://www.worldfootball.net/schedule/den-superliga-2025-2026-spieltag/99/,f
Denmark championship,den_superliga_2025-2026_championship.rds,https://www.worldfootball.net/all_matches/den-superliga-2025-2026-championship/,https://www.worldfootball.net/schedule/den-superliga-2025-2026-championship-spieltag/99/,s
Denmark relegation,den_superliga_2025-2026_relegation.rds,https://www.worldfootball.net/all_matches/den-superliga-2025-2026-relegation/,https://www.worldfootball.net/schedule/den-superliga-2025-2026-relegation-spieltag/99/,s
England,eng_premier-league_2025-2026.rds,https://www.worldfootball.net/all_matches/eng-premier-league-2025-2026/,https://www.worldfootball.net/schedule/eng-premier-league-2025-2026-spieltag/99/,f
England Championship,eng_championship_2025-2026.rds,https://www.worldfootball.net/all_matches/eng-championship-2025-2026/,https://www.worldfootball.net/schedule/eng-championship-2025-2026-spieltag/99/,f
England League One,eng_league-one_2025-2026.rds,https://www.worldfootball.net/all_matches/eng-league-one-2025-2026/,https://www.worldfootball.net/schedule/eng-league-one-2025-2026-spieltag/99/,f
England League Two,eng_league-two_2025-2026.rds,https://www.worldfootball.net/all_matches/eng-league-two-2025-2026/,https://www.worldfootball.net/schedule/eng-league-two-2025-2026-spieltag/99/,f
England National League,eng_national-league_2025-2026.rds,https://www.worldfootball.net/all_matches/eng-national-league-2025-2026/,https://www.worldfootball.net/schedule/eng-national-league-2025-2026-spieltag/99/,f
England National North,eng_national-league-north_2025-2026.rds,https://www.worldfootball.net/all_matches/eng-national-league-north-2025-2026/,https://www.worldfootball.net/schedule/eng-national-league-north-2025-2026-spieltag/99/,f
England National South,eng_national-league-south_2025-2026.rds,https://www.worldfootball.net/all_matches/eng-national-league-south-2025-2026/,https://www.worldfootball.net/schedule/eng-national-league-south-2025-2026-spieltag/99/,f
Estonia,est_meistriliiga_2025.rds,https://www.worldfootball.net/all_matches/est-meistriliiga-2025/,https://www.worldfootball.net/schedule/est-meistriliiga-2025-spieltag/99/,s
Faroe Islands,fro_effodeildin_2025.rds,https://www.worldfootball.net/all_matches/fro-effodeildin-2025/,https://www.worldfootball.net/schedule/fro-effodeildin-2025-spieltag/99/,s
Finland,fin_veikkausliiga_2025.rds,https://www.worldfootball.net/all_matches/fin-veikkausliiga-2025/,https://www.worldfootball.net/schedule/fin-veikkausliiga-2025-spieltag/99/,s
Finland championship,fin_veikkausliiga_2025_championship.rds,https://www.worldfootball.net/all_matches/fin-veikkausliiga-2025-championship/,https://www.worldfootball.net/schedule/fin-veikkausliiga-2025-championship-spieltag/99/,s
Finland relegation,fin_veikkausliiga_2025_relegation.rds,https://www.worldfootball.net/all_matches/fin-veikkausliiga-2025-relegation/,https://www.worldfootball.net/schedule/fin-veikkausliiga-2025-relegation-spieltag/99/,s
France,fra_ligue-1_2025-2026.rds,https://www.worldfootball.net/all_matches/fra-ligue-1-2025-2026/,https://www.worldfootball.net/schedule/fra-ligue-1-2025-2026-spieltag/99/,f
France Ligue 2,fra_ligue-2_2025-2026.rds,https://www.worldfootball.net/all_matches/fra-ligue-2-2025-2026/,https://www.worldfootball.net/schedule/fra-ligue-2-2025-2026-spieltag/99/,f
France National,fra_national_2025-2026.rds,https://www.worldfootball.net/all_matches/fra-national-2025-2026/,https://www.worldfootball.net/schedule/fra-national-2025-2026-spieltag/99/,f
Georgia,geo_erovnuli-liga_2025.rds,https://www.worldfootball.net/all_matches/geo-erovnuli-liga-2025/,https://www.worldfootball.net/schedule/geo-erovnuli-liga-2025-spieltag/99/,s
Germany,ger_bundesliga_2025-2026.rds,https://www.worldfootball.net/all_matches/bundesliga-2025-2026/,https://www.worldfootball.net/schedule/bundesliga-2025-2026-spieltag/99/,f
Germany 2. Bundesliga,ger_2-bundesliga_2025-2026.rds,https://www.worldfootball.net/all_matches/2-bundesliga-2025-2026/,https://www.worldfootball.net/schedule/2-bundesliga-2025-2026-spieltag/99/,f
Germany 3. Liga,ger_3-liga_2025-2026.rds,https://www.worldfootball.net/all_matches/3-liga-2025-2026/,https://www.worldfootball.net/schedule/3-liga-2025-2026-spieltag/99/,f
Germany Regionalliga Bayern,ger_regionalliga-bayern_2025-2026.rds,https://www.worldfootball.net/all_matches/regionalliga-bayern-2025-2026/,https://www.worldfootball.net/schedule/regionalliga-bayern-2025-2026-spieltag/99/,f
Germany Regionalliga Nord,ger_regionalliga-nord_2025-2026.rds,https://www.worldfootball.net/all_matches/regionalliga-nord-2025-2026/,https://www.worldfootball.net/schedule/regionalliga-nord-2025-2026-spieltag/99/,f
Germany Regionalliga Nordost,ger_regionalliga-nordost_2025-2026.rds,https://www.worldfootball.net/all_matches/regionalliga-nordost-2025-2026/,https://www.worldfootball.net/schedule/regionalliga-nordost-2025-2026-spieltag/99/,f
Germany Regionalliga Südwest,ger_regionalliga-suedwest_2025-2026.rds,https://www.worldfootball.net/all_matches/regionalliga-suedwest-2025-2026/,https://www.worldfootball.net/schedule/regionalliga-suedwest-2025-2026-spieltag/99/,f
Germany Regionalliga West,ger_regionalliga-west_2025-2026.rds,https://www.worldfootball.net/all_matches/regionalliga-west-2025-2026/,https://www.worldfootball.net/schedule/regionalliga-west-2025-2026-spieltag/99/,f
Gibraltar,gib_premier-divison_2025-2026.rds,https://www.worldfootball.net/all_matches/gib-premier-divison-2025-2026/,https://www.worldfootball.net/schedule/gib-premier-divison-2025-2026-spieltag/99/,f
Gibraltar championship,gib_premier-divison_2025-2026_championship.rds,https://www.worldfootball.net/all_matches/gib-premier-divison-2025-2026-championship/,https://www.worldfootball.net/schedule/gib-premier-divison-2025-2026-championship-spieltag/99/,s
Greece,gre_super-league_2025-2026.rds,https://www.worldfootball.net/all_matches/gre-super-league-2025-2026/,https://www.worldfootball.net/schedule/gre-super-league-2025-2026-spieltag/99/,f
Greece ECL playoff,gre_super-league_2025-2026_ecl-playoffs.rds,https://www.worldfootball.net/all_matches/gre-super-league-2025-2026-ecl-playoffs/,https://www.worldfootball.net/schedule/gre-super-league-2025-2026-ecl-playoffs-spieltag/99/,s
Greece championship,gre_super-league_2025-2026_championship.rds,https://www.worldfootball.net/all_matches/gre-super-league-2025-2026-championship/,https://www.worldfootball.net/schedule/gre-super-league-2025-2026-championship-spieltag/99/,s
Greece relegation,gre_super-league_2025-2026_relegation.rds,https://www.worldfootball.net/all_matches/gre-super-league-2025-2026-relegation/,https://www.worldfootball.net/schedule/gre-super-league-2025-2026-relegation-spieltag/99/,s
Hungary,hun_nb-i_2025-2026.rds,https://www.worldfootball.net/all_matches/hun-nb-i-2025-2026/,https://www.worldfootball.net/schedule/hun-nb-i-2025-2026-spieltag/99/,f
Iceland,isl_urvalsdeild_2025.rds,https://www.worldfootball.net/all_matches/isl-urvalsdeild-2025/,https://www.worldfootball.net/schedule/isl-urvalsdeild-2025-spieltag/99/,s
Iceland 1 Deild,isl_1-deild_2025.rds,https://www.worldfootball.net/all_matches/isl-1-deild-2025/,https://www.worldfootball.net/schedule/isl-1-deild-2025-spieltag/99/,s
Iceland championship,isl_urvalsdeild_2025_championship.rds,https://www.worldfootball.net/all_matches/isl-urvalsdeild-2025-championship/,https://www.worldfootball.net/schedule/isl-urvalsdeild-2025-championship-spieltag/99/,s
Iceland relegation,isl_urvalsdeild_2025_relegation.rds,https://www.worldfootball.net/all_matches/isl-urvalsdeild-2025-relegation/,https://www.worldfootball.net/schedule/isl-urvalsdeild-2025-relegation-spieltag/99/,s
Ireland,irl_premier-division_2025.rds,https://www.worldfootball.net/all_matches/irl-premier-division-2025/,https://www.worldfootball.net/schedule/irl-premier-division-2025-spieltag/99/,s
Ireland First,irl_first-division_2025.rds,https://www.worldfootball.net/all_matches/irl-first-division-2025/,https://www.worldfootball.net/schedule/irl-first-division-2025-spieltag/99/,s
Israel,isr_ligat-haal_2025-2026.rds,https://www.worldfootball.net/all_matches/isr-ligat-haal-2025-2026/,https://www.worldfootball.net/schedule/isr-ligat-haal-2025-2026-spieltag/99/,f
Israel championship,isr_ligat-haal_2025-2026_championship.rds,https://www.worldfootball.net/all_matches/isr-ligat-haal-2025-2026-championship/,https://www.worldfootball.net/schedule/isr-ligat-haal-2025-2026-championship-spieltag/99/,s
Israel relegation,isr_ligat-haal_2025-2026_relegation.rds,https://www.worldfootball.net/all_matches/isr-ligat-haal-2025-2026-relegation/,https://www.worldfootball.net/schedule/isr-ligat-haal-2025-2026-relegation-spieltag/99/,s
Italy,ita_serie-a_2025-2026.rds,https://www.worldfootball.net/all_matches/ita-serie-a-2025-2026/,https://www.worldfootball.net/schedule/ita-serie-a-2025-2026-spieltag/99/,f
Italy Serie B,ita_serie-b_2025-2026.rds,https://www.worldfootball.net/all_matches/ita-serie-b-2025-2026/,https://www.worldfootball.net/schedule/ita-serie-b-2025-2026-spieltag/99/,f
Italy Serie C/A,ita_serie-c-girone-a_2025-2026.rds,https://www.worldfootball.net/all_matches/ita-serie-c-girone-a-2025-2026/,https://www.worldfootball.net/schedule/ita-serie-c-girone-a-2025-2026-spieltag/99/,f
Italy Serie C/B,ita_serie-c-girone-b_2025-2026.rds,https://www.worldfootball.net/all_matches/ita-serie-c-girone-b-2025-2026/,https://www.worldfootball.net/schedule/ita-serie-c-girone-b-2025-2026-spieltag/99/,f
Italy Serie C/C,ita_serie-c-girone-c_2025-2026.rds,https://www.worldfootball.net/all_matches/ita-serie-c-girone-c-2025-2026/,https://www.worldfootball.net/schedule/ita-serie-c-girone-c-2025-2026-spieltag/99/,f
Japan,jpn_j1-league_2025.rds,https://www.worldfootball.net/all_matches/jpn-j1-league-2025/,https://www.worldfootball.net/schedule/jpn-j1-league-2025-spieltag/99/,s
Kazakhstan,kaz_premier-liga_2025.rds,https://www.worldfootball.net/all_matches/kaz-premier-liga-2025/,https://www.worldfootball.net/schedule/kaz-premier-liga-2025-spieltag/99/,s
Kosovo,kos_superliga_2025-2026.rds,https://www.worldfootball.net/all_matches/kos-superliga-2025-2026/,https://www.worldfootball.net/schedule/kos-superliga-2025-2026-spieltag/99/,f
Latvia,lat_virsliga_2025.rds,https://www.worldfootball.net/all_matches/lat-virsliga-2025/,https://www.worldfootball.net/schedule/lat-virsliga-2025-spieltag/99/,s
Lithuania,ltu_a-lyga_2025.rds,https://www.worldfootball.net/all_matches/ltu-a-lyga-2025/,https://www.worldfootball.net/schedule/ltu-a-lyga-2025-spieltag/99/,s
Luxembourg,lux_nationaldivision_2025-2026.rds,https://www.worldfootball.net/all_matches/lux-nationaldivision-2025-2026/,https://www.worldfootball.net/schedule/lux-nationaldivision-2025-2026-spieltag/99/,f
Malta Closing,mlt-premier-league_2025-2026_closing,https://www.worldfootball.net/all_matches/mlt-premier-league-2025-2026-closing/,https://www.worldfootball.net/schedule/mlt-premier-league-2025-2026-closing-spieltag/99/,s
Malta Closing B6,mlt_premier-league_2025-2026_closing-bottom-6.rds,https://www.worldfootball.net/all_matches/mlt-premier-league-2025-2026-closing-bottom-6/,https://www.worldfootball.net/schedule/mlt-premier-league-2025-2026-closing-bottom-6-spieltag/99/,s
Malta Closing T6,mlt_premier-league_2025-2026_closing-top-6.rds,https://www.worldfootball.net/all_matches/mlt-premier-league-2025-2026-closing-top-6/,https://www.worldfootball.net/schedule/mlt-premier-league-2025-2026-closing-top-6-spieltag/99/,s
Malta Opening,mlt-premier-league_2025-2026_opening,https://www.worldfootball.net/all_matches/mlt-premier-league-2025-2026-opening/,https://www.worldfootball.net/schedule/mlt-premier-league-2025-2026-opening-spieltag/99/,f
Malta Opening B6,mlt_premier-league_2025-2026_opening-bottom-6.rds,https://www.worldfootball.net/all_matches/mlt-premier-league-2025-2026-opening-bottom-6/,https://www.worldfootball.net/schedule/mlt-premier-league-2025-2026-opening-bottom-6-spieltag/99/,f
Malta Opening T6,mlt_premier-league_2025-2026_opening-top-6.rds,https://www.worldfootball.net/all_matches/mlt-premier-league-2025-2026-opening-top-6/,https://www.worldfootball.net/schedule/mlt-premier-league-2025-2026-opening-top-6-spieltag/99/,f
Mexico Clausura,mex_primera-division_2025-2026-clausura.rds,https://www.worldfootball.net/all_matches/mex-primera-division-2025-2026-clausura/,https://www.worldfootball.net/schedule/mex-primera-division-2025-2026-clausura-spieltag/99/,f
Moldova,mda_divizia-nationala_2025-2026_phase-i.rds,https://www.worldfootball.net/all_matches/mda-divizia-nationala-2025-2026-phase-i/,https://www.worldfootball.net/schedule/mda-divizia-nationala-2025-2026-phase-i-spieltag/99/,f
Moldova Phase 2,mda_divizia-nationala_2025-2026_phase-ii.rds,https://www.worldfootball.net/all_matches/mda-divizia-nationala-2025-2026-phase-ii/,https://www.worldfootball.net/schedule/mda-divizia-nationala-2025-2026-phase-ii-spieltag/99/,s
Moldova relegation,mda_relegation_2025-2026.rds,https://www.worldfootball.net/all_matches/mda-relegation-2025-2026/,https://www.worldfootball.net/schedule/mda-relegation-2025-2026-spieltag/99/,s
Montenegro,mne_1-cfl_2025-2026.rds,https://www.worldfootball.net/all_matches/mne-1-cfl-2025-2026/,https://www.worldfootball.net/schedule/mne-1-cfl-2025-2026-spieltag/99/,f
Netherlands,ned_eredivisie_2025-2026.rds,https://www.worldfootball.net/all_matches/ned-eredivisie-2025-2026/,https://www.worldfootball.net/schedule/ned-eredivisie-2025-2026-spieltag/99/,f
Netherlands Eerste,ned_eerste-divisie_2025-2026.rds,https://www.worldfootball.net/all_matches/ned-eerste-divisie-2025-2026/,https://www.worldfootball.net/schedule/ned-eerste-divisie-2025-2026-spieltag/99/,f
North Macedonia,mkd_1-mfl_2025-2026.rds,https://www.worldfootball.net/all_matches/mkd-1-mfl-2025-2026/,https://www.worldfootball.net/schedule/mkd-1-mfl-2025-2026-spieltag/99/,f
Northern Ireland,nir_premier-league_2025-2026.rds,https://www.worldfootball.net/all_matches/nir-premier-league-2025-2026/,https://www.worldfootball.net/schedule/nir-premier-league-2025-2026-spieltag/99/,f
Northern Ireland championship,nir_premier-league_2025-2026_championship.rds,https://www.worldfootball.net/all_matches/nir-premier-league-2025-2026-championship/,https://www.worldfootball.net/schedule/nir-premier-league-2025-2026-championship-spieltag/99/,s
Northern Ireland relegation,nir_premier-league_2025-2026_relegation.rds,https://www.worldfootball.net/all_matches/nir-premier-league-2025-2026-relegation/,https://www.worldfootball.net/schedule/nir-premier-league-2025-2026-relegation-spieltag/99/,s
Norway,nor_eliteserien_2025.rds,https://www.worldfootball.net/all_matches/nor-eliteserien-2025/,https://www.worldfootball.net/schedule/nor-eliteserien-2025-spieltag/99/,s
Poland,pol_ekstraklasa_2025-2026.rds,https://www.worldfootball.net/all_matches/pol-ekstraklasa-2025-2026/,https://www.worldfootball.net/schedule/pol-ekstraklasa-2025-2026-spieltag/99/,f
Portugal,por_primeira-liga_2025-2026.rds,https://www.worldfootball.net/all_matches/por-primeira-liga-2025-2026/,https://www.worldfootball.net/schedule/por-primeira-liga-2025-2026-spieltag/99/,f
Romania,rou_liga-1_2025-2026.rds,https://www.worldfootball.net/all_matches/rou-liga-1-2025-2026/,https://www.worldfootball.net/schedule/rou-liga-1-2025-2026-spieltag/99/,f
Romania championship,rou_liga-1_2025-2026_championship.rds,https://www.worldfootball.net/all_matches/rou-liga-1-2025-2026-championship/,https://www.worldfootball.net/schedule/rou-liga-1-2025-2026-championship-spieltag/99/,s
Romania relegation,rou_liga-1_2025-2026_relegation.rds,https://www.worldfootball.net/all_matches/rou-liga-1-2025-2026-relegation/,https://www.worldfootball.net/schedule/rou-liga-1-2025-2026-relegation-spieltag/99/,s
Russia,rus_premier-liga_2025-2026.rds,https://www.worldfootball.net/all_matches/rus-premier-liga-2025-2026/,https://www.worldfootball.net/schedule/rus-premier-liga-2025-2026-spieltag/99/,f
Russia 1,rus_1-division_2025-2026.rds,https://www.worldfootball.net/all_matches/rus-1-division-2025-2026/,https://www.worldfootball.net/schedule/rus-1-division-2025-2026-spieltag/99/,f
San Marino,smr_campionato_2025-2026.rds,https://www.worldfootball.net/all_matches/smr-campionato-2025-2026/,https://www.worldfootball.net/schedule/smr-campionato-2025-2026-spieltag/99/,f
Scotland,sco_premiership_2025-2026.rds,https://www.worldfootball.net/all_matches/sco-premiership-2025-2026/,https://www.worldfootball.net/schedule/sco-premiership-2025-2026-spieltag/99/,f
Scotland Championship,sco_championship_2025-2026.rds,https://www.worldfootball.net/all_matches/sco-championship-2025-2026/,https://www.worldfootball.net/schedule/sco-championship-2025-2026-spieltag/99/,f
Scotland League One,sco_league-one_2025-2026.rds,https://www.worldfootball.net/all_matches/sco-league-one-2025-2026/,https://www.worldfootball.net/schedule/sco-league-one-2025-2026-spieltag/99/,f
Scotland League Two,sco_league-two_2025-2026.rds,https://www.worldfootball.net/all_matches/sco-league-two-2025-2026/,https://www.worldfootball.net/schedule/sco-league-two-2025-2026-spieltag/99/,f
Scotland championship,sco_premiership_2025-2026_championship.rds,https://www.worldfootball.net/all_matches/sco-premiership-2025-2026-championship/,https://www.worldfootball.net/schedule/sco-premiership-2025-2026-championship-spieltag/99/,s
Scotland relegation,sco_premiership_2025-2026_relegation.rds,https://www.worldfootball.net/all_matches/sco-premiership-2025-2026-relegation/,https://www.worldfootball.net/schedule/sco-premiership-2025-2026-relegation-spieltag/99/,s
Serbia,srb_super-liga_2025-2026.rds,https://www.worldfootball.net/all_matches/srb-super-liga-2025-2026/,https://www.worldfootball.net/schedule/srb-super-liga-2025-2026-spieltag/99/,f
Serbia championship,srb_super-liga_2025-2026_championship.rds,https://www.worldfootball.net/all_matches/srb-super-liga-2025-2026-championship/,https://www.worldfootball.net/schedule/srb-super-liga-2025-2026-championship-spieltag/99/,s
Serbia relegation,srb_super-liga_2025-2026_relegation.rds,https://www.worldfootball.net/all_matches/srb-super-liga-2025-2026-relegation/,https://www.worldfootball.net/schedule/srb-super-liga-2025-2026-relegation-spieltag/99/,s
Slovakia,svk_super-liga_2025-2026.rds,https://www.worldfootball.net/all_matches/svk-super-liga-2025-2026/,https://www.worldfootball.net/schedule/svk-super-liga-2025-2026-spieltag/99/,f
Slovakia championship,svk_super-liga_2025-2026_championship.rds,https://www.worldfootball.net/all_matches/svk-super-liga-2025-2026-championship/,https://www.worldfootball.net/schedule/svk-super-liga-2025-2026-championship-spieltag/99/,s
Slovakia relegation,svk_super-liga_2025-2026_relegation.rds,https://www.worldfootball.net/all_matches/svk-super-liga-2025-2026-relegation/,https://www.worldfootball.net/schedule/svk-super-liga-2025-2026-relegation-spieltag/99/,s
Slovenia,svn_prvaliga_2025-2026.rds,https://www.worldfootball.net/all_matches/svn-prvaliga-2025-2026/,https://www.worldfootball.net/schedule/svn-prvaliga-2025-2026-spieltag/99/,f
Spain,esp_primera-division_2025-2026.rds,https://www.worldfootball.net/all_matches/esp-primera-division-2025-2026/,https://www.worldfootball.net/schedule/esp-primera-division-2025-2026-spieltag/99/,f
Spain Primera RFEF 1,esp_primera-rfef-grupo-1_2025-2026.rds,https://www.worldfootball.net/all_matches/esp-primera-rfef-grupo-1-2025-2026/,https://www.worldfootball.net/schedule/esp-primera-rfef-grupo-1-2025-2026-spieltag/99/,f
Spain Primera RFEF 2,esp_primera-rfef-grupo-2_2025-2026.rds,https://www.worldfootball.net/all_matches/esp-primera-rfef-grupo-2-2025-2026/,https://www.worldfootball.net/schedule/esp-primera-rfef-grupo-2-2025-2026-spieltag/99/,f
Spain Segunda División,esp_segunda-division_2025-2026.rds,https://www.worldfootball.net/all_matches/esp-segunda-division-2025-2026/,https://www.worldfootball.net/schedule/esp-segunda-division-2025-2026-spieltag/99/,f
Sweden,swe_allsvenskan_2025.rds,https://www.worldfootball.net/all_matches/swe-allsvenskan-2025/,https://www.worldfootball.net/schedule/swe-allsvenskan-2025-spieltag/99/,s
Sweden Superettan,swe_superettan_2025.rds,https://www.worldfootball.net/all_matches/swe-superettan-2025/,https://www.worldfootball.net/schedule/swe-superettan-2025-spieltag/99/,s
Switzerland,sui_super-league_2025-2026.rds,https://www.worldfootball.net/all_matches/sui-super-league-2025-2026/,https://www.worldfootball.net/schedule/sui-super-league-2025-2026-spieltag/99/,f
Switzerland Challenge,sui_challenge-league_2025-2026.rds,https://www.worldfootball.net/all_matches/sui-challenge-league-2025-2026/,https://www.worldfootball.net/schedule/sui-challenge-league-2025-2026-spieltag/99/,f
Switzerland Promotion,sui_promotion-league_2025-2026.rds,https://www.worldfootball.net/all_matches/sui-promotion-league-2025-2026/,https://www.worldfootball.net/schedule/sui-promotion-league-2025-2026-spieltag/99/,f
Switzerland championship,sui_super-league_2025-2026_championship.rds,https://www.worldfootball.net/all_matches/sui-super-league-2025-2026-championship/,https://www.worldfootball.net/schedule/sui-super-league-2025-2026-championship-spieltag/99/,s
Switzerland relegation,sui_super-league_2025-2026_relegation.rds,https://www.worldfootball.net/all_matches/sui-super-league-2025-2026-relegation/,https://www.worldfootball.net/schedule/sui-super-league-2025-2026-relegation-spieltag/99/,s
Turkey,tur_sueperlig_2025-2026.rds,https://www.worldfootball.net/all_matches/tur-sueperlig-2025-2026/,https://www.worldfootball.net/schedule/tur-sueperlig-2025-2026-spieltag/99/,f
UEFA Champions League,uefa_cl_2025-2026.rds,https://www.worldfootball.net/all_matches/champions-league-2025-2026/,https://www.worldfootball.net/schedule/champions-league-2025-2026-ligaphase/99/,f
UEFA Conference League,uefa_ecl_2025-2026.rds,https://www.worldfootball.net/all_matches/conference-league-2025-2026/,https://www.worldfootball.net/schedule/conference-league-2025-2026-ligaphase/99/,f
UEFA Europa League,uefa_el_2025-2026.rds,https://www.worldfootball.net/all_matches/europa-league-2025-2026/,https://www.worldfootball.net/schedule/europa-league-2025-2026-ligaphase/99/,f
USA,usa_major-league-soccer_2025.rds,https://www.worldfootball.net/all_matches/usa-major-league-soccer-2025/,https://www.worldfootball.net/schedule/usa-major-league-soccer-2025-spieltag/99/,s
Ukraine,ukr_premyer-liga_2025-2026.rds,https://www.worldfootball.net/all_matches/ukr-premyer-liga-2025-2026/,https://www.worldfootball.net/schedule/ukr-premyer-liga-2025-2026-spieltag/99/,f
Wales,wal_premier-league_2025-2026.rds,https://www.worldfootball.net/all_matches/wal-premier-league-2025-2026/,https://www.worldfootball.net/schedule/wal-premier-league-2025-2026-spieltag/99/,f
Wales championship,wal_premier-league_2025-2026_championship.rds,https://www.worldfootball.net/all_matches/wal-premier-league-2025-2026-championship/,https://www.worldfootball.net/schedule/wal-premier-league-2025-2026-championship-spieltag/99/,s
Wales relegation,wal_premier-league_2025-2026_relegation.rds,https://www.worldfootball.net/all_matches/wal-premier-league-2025-2026-relegation/,https://www.worldfootball.net/schedule/wal-premier-league-2025-2026-relegation-spieltag/99/,s
World Cup Qual SA,wm-quali_suedamerika_2023-2025.rds,https://www.worldfootball.net/all_matches/wm-quali-suedamerika-2023-2025/,https://www.worldfootball.net/schedule/wm-quali-suedamerika-2023-2024-spieltag/99/,f
